datetime,open,high,low,close,volume
2024-08-01T00:00:00+00:00,40986.34099999999,41213.060999999994,38484.22099999999,38739.84099999999,2921247
2024-08-08T00:00:00+00:00,38739.84099999999,40167.700999999994,38654.12099999999,40145.100999999995,2283396
2024-08-15T00:00:00+00:00,40145.100999999995,41069.73099999999,40087.94099999999,40985.130999999994,1368474
2024-08-22T00:00:00+00:00,40985.130999999994,41519.310999999994,40662.40099999999,41256.43099999999,1795470
2024-08-29T00:00:00+00:00,41256.43099999999,41674.310999999994,40839.59099999999,41021.73099999999,1629473
2024-09-05T00:00:00+00:00,41021.73099999999,41166.170999999995,40059.740999999995,40901.14099999999,2361880
2024-09-12T00:00:00+00:00,40901.14099999999,42063.91099999999,40733.210999999996,41604.41099999999,1716219
2024-09-19T00:00:00+00:00,41604.41099999999,42464.880999999994,41604.41099999999,42048.280999999995,1473206
2024-09-26T00:00:00+00:00,42048.280999999995,42801.44099999999,42024.850999999995,42361.19099999999,1487154
2024-10-03T00:00:00+00:00,42361.19099999999,42703.420999999995,41923.44099999999,42646.32099999999,1383766
2024-10-10T00:00:00+00:00,42646.32099999999,43303.66099999999,42421.600999999995,43207.50099999999,981408
2024-10-17T00:00:00+00:00,43207.50099999999,43452.86099999999,42401.850999999995,42566.25099999999,1004710
2024-10-24T00:00:00+00:00,42566.25099999999,42718.55099999999,42152.05099999999,42288.80099999999,1095533
2024-10-31T00:00:00+00:00,42288.80099999999,43944.16099999999,41759.91099999999,43942.16099999999,1493644
2024-11-07T00:00:00+00:00,43942.16099999999,44610.04099999999,43781.25099999999,44124.29099999999,1060437
2024-11-14T00:00:00+00:00,44124.29099999999,44235.09099999999,42968.97099999999,43559.82099999999,1377482
2024-11-21T00:00:00+00:00,43559.82099999999,45112.97099999999,43365.950999999994,44838.87099999999,1366329
2024-11-28T00:00:00+00:00,44838.87099999999,45172.600999999995,44673.22099999999,45099.00099999999,657926
2024-12-05T00:00:00+00:00,45099.00099999999,45155.86099999999,44200.240999999995,44204.380999999994,878530
2024-12-12T00:00:00+00:00,44204.380999999994,44297.54099999999,42234.44099999999,42415.44099999999,1256843
2024-12-19T00:00:00+00:00,42415.44099999999,43342.89099999999,42146.15099999999,43321.39099999999,1489723
2024-12-26T00:00:00+00:00,43321.39099999999,43425.89099999999,42302.89099999999,42552.65099999999,1288446
2025-01-02T00:00:00+00:00,42552.65099999999,43188.15099999999,42212.65099999999,42687.50099999999,1877951
2025-01-09T00:00:00+00:00,42687.50099999999,43450.490999999995,41825.75099999999,43367.39099999999,1729615
2025-01-16T00:00:00+00:00,43367.39099999999,44322.79099999999,43175.700999999994,44262.19099999999,1190527
2025-01-23T00:00:00+00:00,44262.19099999999,45087.210999999996,43931.920999999995,44891.18099999999,1447117
2025-01-30T00:00:00+00:00,44891.18099999999,45168.240999999995,43924.14099999999,45015.380999999994,1717021
2025-02-06T00:00:00+00:00,45015.380999999994,45152.47099999999,44153.29099999999,44503.850999999995,1230544
2025-02-13T00:00:00+00:00,44503.850999999995,44873.86099999999,44356.12099999999,44655.12099999999,816927
2025-02-20T00:00:00+00:00,44655.12099999999,44675.210999999996,43355.58099999999,43525.72099999999,1849255
2025-02-27T00:00:00+00:00,43525.72099999999,44129.90099999999,42437.97099999999,43072.51099999999,3428575
2025-03-06T00:00:00+00:00,43072.51099999999,43120.33099999999,41087.68099999999,41400.08099999999,3961506
2025-03-13T00:00:00+00:00,41400.08099999999,42260.18099999999,40739.130999999994,42038.08099999999,2797632
2025-03-20T00:00:00+00:00,42038.08099999999,42912.65099999999,41479.710999999996,42492.05099999999,1621759
2025-03-27T00:00:00+00:00,42492.05099999999,42666.91099999999,41239.15099999999,41859.05099999999,2690915
2025-04-03T00:00:00+00:00,41859.05099999999,41859.05099999999,36579.05099999999,40903.05099999999,5352310
2025-04-10T00:00:00+00:00,40903.05099999999,41016.68099999999,38506.33099999999,39739.39099999999,4776719
2025-04-17T00:00:00+00:00,39739.39099999999,40488.12099999999,37923.130999999994,39713.02099999999,2724180
2025-04-24T00:00:00+00:00,39713.02099999999,40886.51099999999,39341.780999999995,40802.01099999999,2538309
2025-05-01T00:00:00+00:00,40802.01099999999,41531.55099999999,40695.22099999999,41174.880999999994,2106935
2025-05-08T00:00:00+00:00,41174.880999999994,42562.89099999999,41105.14099999999,42109.54099999999,1921134
2025-05-15T00:00:00+00:00,42109.54099999999,42962.01099999999,41843.55099999999,41875.65099999999,1657340
2025-05-22T00:00:00+00:00,41875.65099999999,42531.50099999999,41236.030999999995,42211.40099999999,1575372
2025-05-29T00:00:00+00:00,42211.40099999999,42798.920999999995,41895.920999999995,42497.240999999995,1788593
2025-06-05T00:00:00+00:00,42497.240999999995,43197.37099999999,42277.850999999995,42935.27099999999,1585609
2025-06-12T00:00:00+00:00,42935.27099999999,43043.58099999999,42031.39099999999,42249.77099999999,2098297
2025-06-19T00:00:00+00:00,42249.77099999999,43275.65099999999,41816.79099999999,43062.55099999999,1304905
2025-06-26T00:00:00+00:00,43062.55099999999,44775.65099999999,43052.15099999999,44606.15099999999,1048605
2025-07-03T00:00:00+00:00,44606.15099999999,44995.280999999995,44261.41099999999,44576.740999999995,916194
2025-07-10T00:00:00+00:00,44576.740999999995,44891.11099999999,43856.97099999999,44299.37099999999,1218648
2025-07-17T00:00:00+00:00,44299.37099999999,45135.51099999999,44239.57099999999,45005.91099999999,1007594
2025-07-24T00:00:00+00:00,45005.91099999999,45236.69099999999,44357.780999999995,44606.68099999999,980462
2025-07-31T00:00:00+00:00,44606.68099999999,44796.93099999999,43416.76099999999,44298.58099999999,1841885
2025-08-07T00:00:00+00:00,44298.58099999999,45068.47099999999,43884.65099999999,45012.87099999999,1340442
2025-08-14T00:00:00+00:00,45012.87099999999,45362.960999999996,44772.98099999999,45021.77099999999,1275882
2025-08-21T00:00:00+00:00,45021.77099999999,45843.18099999999,44652.57099999999,45670.670999999995,1291094
2025-08-28T00:00:00+00:00,45670.670999999995,45821.36099999999,45011.00099999999,45292.09099999999,1268607
2025-09-04T00:00:00+00:00,45292.09099999999,45858.36099999999,45231.560999999994,45556.76099999999,1400087
2025-09-11T00:00:00+00:00,45556.76099999999,46339.23099999999,45540.200999999994,46088.630999999994,1187585
2025-09-18T00:00:00+00:00,46088.630999999994,46791.65099999999,46014.73099999999,46236.55099999999,1267390
2025-09-25T00:00:00+00:00,46236.55099999999,46621.15099999999,45858.15099999999,46501.55099999999,1493407
2025-10-02T00:00:00+00:00,46501.55099999999,47146.130999999994,46359.15099999999,46726.810999999994,1201722
2025-10-09T00:00:00+00:00,46726.810999999994,46810.130999999994,45517.630999999994,46375.530999999995,2383271
2025-10-16T00:00:00+00:00,46375.530999999995,47258.58099999999,45524.02099999999,46646.76099999999,2337034
2025-10-23T00:00:00+00:00,46646.76099999999,48169.75099999999,46535.57099999999,47720.15099999999,1451201
2025-10-30T00:00:00+00:00,47720.15099999999,48138.200999999994,46961.44099999999,47460.490999999995,2190534
2025-11-06T00:00:00+00:00,47460.490999999995,48537.18099999999,46588.44099999999,48393.58099999999,2095332
2025-11-13T00:00:00+00:00,48393.58099999999,48515.58099999999,45999.73099999999,46253.130999999994,3274053
2025-11-20T00:00:00+00:00,46253.130999999994,47662.61099999999,45794.62099999999,47537.51099999999,3160270
2025-11-27T00:00:00+00:00,47537.51099999999,48107.05099999999,47289.37099999999,48069.450999999994,1187483
2025-12-04T00:00:00+00:00,48069.450999999994,48275.670999999995,47532.670999999995,48185.07099999999,1543462
2025-12-11T00:00:00+00:00,48185.07099999999,48950.59099999999,47892.75099999999,47987.91099999999,2407517
2025-12-18T00:00:00+00:00,47987.91099999999,48845.15099999999,47848.90099999999,48775.05099999999,1806672
2025-12-25T00:00:00+00:00,48775.05099999999,48850.40099999999,48260.15099999999,48379.15099999999,615058
2026-01-01T00:00:00+00:00,48379.15099999999,49699.350999999995,47903.58099999999,49057.75099999999,1235622
2026-01-08T00:00:00+00:00,49057.75099999999,49769.86099999999,48835.11099999999,49182.86099999999,1766952
2026-01-15T00:00:00+00:00,49182.86099999999,49699.100999999995,48426.960999999996,49221.600999999995,2315592
2026-01-22T00:00:00+00:00,49221.600999999995,49735.990999999995,48804.73099999999,49088.80099999999,1650391
2026-01-29T00:00:00+00:00,49088.80099999999,49761.39099999999,48495.960999999996,49548.59099999999,3173246
2026-02-05T00:00:00+00:00,49548.59099999999,50620.560999999994,48712.700999999994,50217.82099999999,2744519
2026-02-12T00:00:00+00:00,50217.82099999999,50541.50099999999,49162.68099999999,49733.90099999999,3479001
2026-02-19T00:00:00+00:00,49733.90099999999,49807.950999999994,48815.291,49539.151,2938361
2026-02-26T00:00:00+00:00,49539.151,49916.911,47720.84099999999,48854.551,4100150
2026-03-05T00:00:00+00:00,48854.551,48935.460999999996,46390.91099999999,47443.111,4704494
2026-03-12T00:00:00+00:00,47443.111,47593.200999999994,46212.200999999994,46242.34099999999,4698744
2026-03-19T00:00:00+00:00,46242.34099999999,47002.960999999996,45243.960999999996,46517.101,5544696
2026-03-26T00:00:00+00:00,46517.101,46956.851,44904.601,46696.601,4856503
2026-04-02T00:00:00+00:00,46696.601,48175.541,45949.421,48016.441,3891403
2026-04-09T00:00:00+00:00,48016.441,48841.59099999999,47460.740999999995,48636.490999999995,2237474
2026-04-16T00:00:00+00:00,48636.490999999995,49976.36099999999,48466.030999999995,49428.42099999999,2065790
2026-04-23T00:00:00+00:00,49428.42099999999,49644.88099999999,48737.890999999996,48745.390999999996,2367020
2026-04-30T00:00:00+00:00,48745.390999999996,50127.02099999999,48561.350999999995,50016.920999999995,2117312
2026-05-07T00:00:00+00:00,50016.920999999995,50233.34099999999,49376.451,49881.710999999996,1825840
2026-05-14T00:00:00+00:00,49881.710999999996,50283.361,49142.460999999996,50033.041,2837983
2026-05-21T00:00:00+00:00,50033.041,51227.09099999999,49763.861,50810.12099999999,1766192
2026-05-28T00:00:00+00:00,50810.12099999999,51441.35099999999,50409.97099999999,50762.980999999985,1997523
2026-06-04T00:00:00+00:00,50762.980999999985,51813.42099999999,49841.18099999999,49888.93099999999,4052757
2026-06-11T00:00:00+00:00,49888.93099999999,52304.520999999986,49726.230999999985,51629.42099999999,4939826
2026-06-18T00:00:00+00:00,51629.42099999999,52318.190999999984,51323.340999999986,52037.090999999986,2872573
2026-06-25T00:00:00+00:00,52037.090999999986,52851.99099999999,51671.690999999984,52349.39099999999,3528568
2026-07-02T00:00:00+00:00,52349.39099999999,53435.55099999998,52132.90099999998,52346.80099999998,2508875
2026-07-09T00:00:00+00:00,52346.80099999998,53164.55099999998,52301.55099999998,52970.95099999997,2176019
2026-07-16T00:00:00+00:00,52970.95099999997,53189.55099999998,52109.750999999975,52600.150999999976,2445618
2026-07-23T00:00:00+00:00,52600.150999999976,53259.42099999998,51786.680999999975,51887.930999999975,3530786
2026-07-30T00:00:00+00:00,51887.930999999975,52868.73099999998,51887.930999999975,52830.23099999998,726906
